;             
CREATE USER IF NOT EXISTS USER SALT '887232d069cef144' HASH '48e4c6366cef99fb4e14856c18f5f0208d3c4a2fdfebdf14248dcd6c14214da2' ADMIN;         
CREATE USER IF NOT EXISTS SA SALT 'ab5786e839599c76' HASH '666d6ad58115dc38a8034b503335a3de4becb5117b57eb1b6db22f710c8bcbd1' ADMIN;
CREATE SEQUENCE PUBLIC.SYSTEM_SEQUENCE_B73E50AC_EAB2_41DD_B7B6_FD875CBE7A18 START WITH 65 BELONGS_TO_TABLE;
CREATE SEQUENCE PUBLIC.SYSTEM_SEQUENCE_57F40813_8FF7_4177_8219_C3252CC204FC START WITH 74 BELONGS_TO_TABLE;
CREATE SEQUENCE PUBLIC.SYSTEM_SEQUENCE_EDEB0ADB_3272_44BE_B5FB_D1F8A8B5D2C6 START WITH 65 BELONGS_TO_TABLE;
CREATE SEQUENCE PUBLIC.SYSTEM_SEQUENCE_AE29084E_DB11_4EAB_BC31_46E099B9D021 START WITH 2 BELONGS_TO_TABLE;
CREATE SEQUENCE PUBLIC.SYSTEM_SEQUENCE_80B2E35D_DD11_4B44_86BE_160B5DB5AF2B START WITH 8 BELONGS_TO_TABLE;
CREATE CACHED TABLE PUBLIC.USER(
    ID INT DEFAULT (NEXT VALUE FOR PUBLIC.SYSTEM_SEQUENCE_57F40813_8FF7_4177_8219_C3252CC204FC) NOT NULL NULL_TO_DEFAULT SEQUENCE PUBLIC.SYSTEM_SEQUENCE_57F40813_8FF7_4177_8219_C3252CC204FC,
    CHAT_ID INT NOT NULL,
    NAME TEXT NOT NULL,
    PHONE_NUMBER TEXT NOT NULL,
    CITY TEXT NOT NULL,
    SEX BOOLEAN NOT NULL,
    BIRTHDAY TEXT NOT NULL,
    HAVE_CAR BOOLEAN NOT NULL,
    ADDED_BY INT,
    IS_ADDED BOOLEAN DEFAULT FALSE
);
-- 4 +/- SELECT COUNT(*) FROM PUBLIC.USER;
INSERT INTO PUBLIC.USER(ID, CHAT_ID, NAME, PHONE_NUMBER, CITY, SEX, BIRTHDAY, HAVE_CAR, ADDED_BY, IS_ADDED) VALUES
(1, 43394658, 'Daniyar', '87011222339', 'Qaragandy', TRUE, '11.02.1997', TRUE, 43394658, TRUE),
(16, 338849363, STRINGDECODE('\u0422\u0443\u0441\u0443\u043f\u0431\u0435\u043a\u043e\u0432 \u0414\u0430\u043d\u0438\u044f\u0440 \u041d\u0443\u0440\u043b\u0430\u043d\u0443\u043b\u044b'), '87057024808', STRINGDECODE('\u041a\u0430\u0440\u0430\u0433\u0430\u043d\u0434\u0430'), TRUE, '13.02.1997', TRUE, 43394658, TRUE),
(17, 308095250, STRINGDECODE('\u0422\u0430\u0441\u0431\u0435\u0440\u0433\u0435\u043d \u0414\u0430\u0443\u0440\u0435\u043d \u041d\u0443\u0440\u0433\u0430\u043b\u0438\u0435\u0432\u0438\u0447'), '77075705750', STRINGDECODE('\u0410\u0441\u0442\u0430\u043d\u0430'), TRUE, '18.07.1995', TRUE, 43394658, TRUE),
(42, 200909381, STRINGDECODE('\u0422\u0435\u0441\u0442\u043e\u0432'), '77017598361', STRINGDECODE('\u0410\u0441\u0442\u0430\u043d\u0430'), TRUE, '20.11.1983', TRUE, 43394658, TRUE);
CREATE CACHED TABLE PUBLIC.GROUPS(
    ID INT DEFAULT (NEXT VALUE FOR PUBLIC.SYSTEM_SEQUENCE_AE29084E_DB11_4EAB_BC31_46E099B9D021) NOT NULL NULL_TO_DEFAULT SEQUENCE PUBLIC.SYSTEM_SEQUENCE_AE29084E_DB11_4EAB_BC31_46E099B9D021,
    GROUP_ID INT NOT NULL,
    GROUP_LINK TEXT NOT NULL,
    NAME TEXT
);
-- 1 +/- SELECT COUNT(*) FROM PUBLIC.GROUPS;
INSERT INTO PUBLIC.GROUPS(ID, GROUP_ID, GROUP_LINK, NAME) VALUES
(1, -180777328, 'https://t.me/joinchat/AAAAAArGcXCx9NlWdIhvvw', 'Ardaiym Group');
CREATE CACHED TABLE PUBLIC.BUTTON(
    ID INT NOT NULL,
    TEXT TEXT,
    COMMAND_ID INT,
    URL TEXT,
    REQUEST_CONTACT BOOLEAN
);
ALTER TABLE PUBLIC.BUTTON ADD CONSTRAINT PUBLIC.CONSTRAINT_7 PRIMARY KEY(ID);
-- 35 +/- SELECT COUNT(*) FROM PUBLIC.BUTTON;
INSERT INTO PUBLIC.BUTTON(ID, TEXT, COMMAND_ID, URL, REQUEST_CONTACT) VALUES
(1, '/start', 1, NULL, FALSE),
(2, '/admin', 2, NULL, FALSE),
(7, STRINGDECODE('\u041e\u0442\u043f\u0440\u0430\u0432\u0438\u0442\u044c \u043a\u043e\u043d\u0442\u0430\u043a\u0442'), 0, NULL, TRUE),
(10, STRINGDECODE('\u21a9\ufe0f \u041d\u0430\u0437\u0430\u0434'), 6, NULL, FALSE),
(11, STRINGDECODE('\u0417\u0430\u0440\u0435\u0433\u0438\u0441\u0442\u0440\u0438\u0440\u043e\u0432\u0430\u0442\u044c\u0441\u044f'), 0, NULL, FALSE),
(12, STRINGDECODE('\u0413\u043e\u0442\u043e\u0432\u043e'), 0, NULL, FALSE),
(20, STRINGDECODE('\u0416\u0435\u043d\u0449\u0438\u043d\u0430'), 0, NULL, FALSE),
(21, STRINGDECODE('\u041c\u0443\u0436\u0447\u0438\u043d\u0430'), 0, NULL, FALSE),
(22, STRINGDECODE('\u0414\u0430'), 0, NULL, FALSE),
(23, STRINGDECODE('\u041d\u0435\u0442'), 0, NULL, FALSE),
(24, STRINGDECODE('\u042f \u0437\u043d\u0430\u044e, \u043c\u043e\u044f \u0440\u0435\u043a\u043e\u043c\u0435\u043d\u0434\u0430\u0446\u0438\u044f'), 11, NULL, FALSE),
(30, STRINGDECODE('\u041d\u043e\u0432\u0430\u044f \u0430\u043a\u0446\u0438\u044f'), 20, NULL, FALSE),
(31, STRINGDECODE('\u0420\u0430\u0441\u0441\u044b\u043b\u043a\u0430'), 21, NULL, FALSE),
(32, STRINGDECODE('\u0422\u0435\u043a\u0443\u0449\u0438\u0435 \u0430\u043a\u0446\u0438\u0438'), 22, NULL, FALSE),
(33, STRINGDECODE('\u0420\u0435\u0434\u0430\u043a\u0442\u0438\u0440\u043e\u0432\u0430\u0442\u044c \u043e\u043f\u0438\u0441\u0430\u043d\u0438\u0435'), 12, NULL, FALSE),
(34, STRINGDECODE('\u041c\u0435\u043d\u044e \u043d\u043e\u0432\u043e\u0441\u0442\u0435\u0439'), 13, NULL, FALSE),
(40, 'ok', 10, NULL, FALSE),
(45, STRINGDECODE('\u0412\u0441\u0435 \u0430\u043a\u0446\u0438\u0438'), 0, NULL, FALSE),
(46, STRINGDECODE('\u041f\u0440\u0435\u0434\u0441\u0442\u043e\u044f\u0449\u0438\u0435 \u0430\u043a\u0446\u0438\u0438'), 0, NULL, FALSE),
(50, STRINGDECODE('\u041e \u043d\u0430\u0441'), 0, NULL, FALSE),
(51, STRINGDECODE('\u041a\u043e\u043d\u0442\u0430\u043a\u0442\u044b'), 0, NULL, FALSE),
(52, STRINGDECODE('\u041b\u0438\u0447\u043d\u044b\u0439 \u043a\u0430\u0431\u0438\u043d\u0435\u0442'), 0, NULL, FALSE),
(53, STRINGDECODE('\u0413\u0440\u0443\u043f\u043f\u0430'), 0, NULL, FALSE),
(54, STRINGDECODE('\u041f\u043b\u0430\u043d\u044b \u043d\u0430 \u0433\u043e\u0434'), 0, NULL, FALSE),
(55, STRINGDECODE('\u041d\u043e\u0432\u043e\u0441\u0442\u0438'), 0, NULL, FALSE),
(60, STRINGDECODE('\u0421\u043b\u0435\u0434\u0443\u044e\u0449\u0430\u044f \u0430\u043a\u0446\u0438\u044f'), 0, NULL, FALSE),
(61, STRINGDECODE('\u041f\u0440\u0435\u0434\u044b\u0434\u0443\u0449\u0430\u044f \u0430\u043a\u0446\u0438\u044f'), 0, NULL, FALSE),
(62, STRINGDECODE('\u041e\u0442\u0447\u0435\u0442 \u043e \u043f\u0440\u043e\u0434\u0435\u043b\u0430\u043d\u043d\u043e\u0439 \u0440\u0430\u0431\u043e\u0442\u0435'), 0, NULL, FALSE),
(70, STRINGDECODE('\u0414\u043e\u0431\u0430\u0432\u0438\u0442\u044c \u043d\u043e\u0432\u043e\u0441\u0442\u044c'), 0, NULL, FALSE),
(71, STRINGDECODE('\u0420\u0435\u0434\u0430\u043a\u0442\u0438\u0440\u043e\u0432\u0430\u0442\u044c \u043d\u043e\u0432\u043e\u0441\u0442\u044c'), 0, NULL, FALSE),
(72, STRINGDECODE('\u0411\u0435\u0437 \u0444\u043e\u0442\u043e'), 0, NULL, FALSE),
(73, STRINGDECODE('\u0418\u0437\u043c\u0435\u043d\u0438\u0442\u044c \u0437\u0430\u0433\u043e\u043b\u043e\u0432\u043e\u043a'), 0, NULL, FALSE),
(74, STRINGDECODE('\u0418\u0437\u043c\u0435\u043d\u0438\u0442\u044c \u0442\u0435\u043a\u0441\u0442'), 0, NULL, FALSE),
(75, STRINGDECODE('\u0420\u0435\u0434\u0430\u043a\u0442\u0438\u0440\u043e\u0432\u0430\u0442\u044c \u0444\u043e\u0442\u043e\u0433\u0440\u0430\u0444\u0438\u0438'), 0, NULL, FALSE),
(76, STRINGDECODE('\u041f\u043e\u043a\u0430\u0437\u044b\u0432\u0430\u0442\u044c \u043d\u043e\u0432\u043e\u0441\u0442\u044c?'), 0, NULL, FALSE);
CREATE CACHED TABLE PUBLIC.COMMAND(
    ID INT NOT NULL,
    COMMAND_TYPE_ID INT,
    MESSAGE_ID INT
);
ALTER TABLE PUBLIC.COMMAND ADD CONSTRAINT PUBLIC.CONSTRAINT_6 PRIMARY KEY(ID);
-- 9 +/- SELECT COUNT(*) FROM PUBLIC.COMMAND;
INSERT INTO PUBLIC.COMMAND(ID, COMMAND_TYPE_ID, MESSAGE_ID) VALUES
(1, 1, 5),
(2, 2, 6),
(10, 3, 0),
(11, 4, 0),
(12, 5, 0),
(13, 6, 0),
(20, 20, 0),
(21, 21, 0),
(22, 22, 0);
CREATE CACHED TABLE PUBLIC.MESSAGE(
    ID INT NOT NULL,
    TEXT TEXT,
    PHOTO TEXT,
    KEYBOARD_ID INT
);
ALTER TABLE PUBLIC.MESSAGE ADD CONSTRAINT PUBLIC.CONSTRAINT_63 PRIMARY KEY(ID);
-- 44 +/- SELECT COUNT(*) FROM PUBLIC.MESSAGE;
INSERT INTO PUBLIC.MESSAGE(ID, TEXT, PHOTO, KEYBOARD_ID) VALUES
(5, STRINGDECODE('\u0413\u043b\u0430\u0432\u043d\u043e\u0435 \u043c\u0435\u043d\u044e'), NULL, 1),
(6, STRINGDECODE('\u041f\u0430\u043d\u0435\u043b\u044c \u0430\u0434\u043c\u0438\u043d\u0430'), NULL, 7),
(7, STRINGDECODE('\u041a\u043e\u043c\u0430\u043d\u0434\u0430 \u043d\u0435 \u0440\u0430\u0441\u043f\u043e\u0437\u043d\u0430\u043d\u0430, \u0438\u043b\u0438 \u043d\u0435 \u0443\u0434\u0430\u043b\u043e\u0441\u044c \u043e\u0431\u0440\u0430\u0431\u043e\u0442\u0430\u0442\u044c \u0438\u043d\u0444\u043e\u0440\u043c\u0430\u0446\u0438\u044e'), NULL, 1),
(10, STRINGDECODE('\u0427\u0442\u043e\u0431\u044b \u043f\u0440\u043e\u0434\u043e\u043b\u0436\u0438\u0442\u044c, \u043d\u0435\u043e\u0431\u0445\u043e\u0434\u0438\u043c\u043e \u043f\u0440\u043e\u0439\u0442\u0438 \u0440\u0435\u0433\u0438\u0441\u0442\u0440\u0430\u0446\u0438\u044e'), NULL, 0),
(11, STRINGDECODE('\u0412\u0432\u0435\u0434\u0438\u0442\u0435 \u0412\u0430\u0448\u0435 \u0424\u0418\u041e'), NULL, 0),
(12, STRINGDECODE('\u041e\u0442\u043f\u0440\u0430\u0432\u044c\u0442\u0435 \u0412\u0430\u0448 \u043d\u043e\u043c\u0435\u0440'), NULL, 0),
(13, STRINGDECODE('\u0412\u0432\u0435\u0434\u0438\u0442\u0435 \u0412\u0430\u0448 \u0433\u043e\u0440\u043e\u0434'), NULL, 0),
(14, STRINGDECODE('\u0412\u0432\u0435\u0434\u0438\u0442\u0435 \u0412\u0430\u0448 \u043f\u043e\u043b'), NULL, 2),
(15, STRINGDECODE('\u0412\u0432\u0435\u0434\u0438\u0442\u0435 \u0412\u0430\u0448\u0443 \u0434\u0430\u0442\u0443 \u0440\u043e\u0436\u0434\u0435\u043d\u0438\u044f (\u0432 \u0444\u043e\u0440\u043c\u0430\u0442\u0435 \u0434\u0435\u043d\u044c.\u043c\u0435\u0441\u044f\u0446.\u0433\u043e\u0434)'), NULL, 0),
(16, STRINGDECODE('\u0415\u0441\u043b\u0438 \u0443 \u0412\u0430\u0441 \u0435\u0441\u0442\u044c \u043c\u0430\u0448\u0438\u043d\u0430 (\u0434\u0430/\u043d\u0435\u0442)'), NULL, 3),
(17, STRINGDECODE('\u0412\u0430\u0448\u0430 \u043a\u0430\u043d\u0434\u0438\u0434\u0430\u0442\u0443\u0440\u0430 \u043d\u0430 \u0440\u0430\u0441\u0441\u043c\u043e\u0442\u0440\u0435\u043d\u0438\u0438'), NULL, 0),
(18, STRINGDECODE('\u041a\u0442\u043e \u0437\u043d\u0430\u0435\u0442: '), NULL, 6),
(19, STRINGDECODE('\u0412\u0430\u0448\u0430 \u043a\u0430\u043d\u0434\u0438\u0434\u0430\u0442\u0443\u0440\u0430 \u043e\u0434\u043e\u0431\u0440\u0435\u043d\u0430. \u0421\u0441\u044b\u043b\u043a\u0430 \u0432 \u0433\u0440\u0443\u043f\u043f\u0443: https://t.me/joinchat/AAAAAArGcXCx9NlWdIhvvw'), NULL, 0),
(20, STRINGDECODE('\u0412\u0432\u0435\u0434\u0438\u0442\u0435 \u043d\u0430\u0437\u0432\u0430\u043d\u0438\u0435 \u0430\u043a\u0446\u0438\u0438'), NULL, 0),
(21, STRINGDECODE('\u0412\u0432\u0435\u0434\u0438\u0442\u0435 \u043e\u043f\u0438\u0441\u0430\u043d\u0438\u0435 \u0430\u043a\u0446\u0438\u0438'), NULL, 0),
(22, STRINGDECODE('\u041d\u0430\u0437\u043d\u0430\u0447\u044c\u0442\u0435 \u0434\u0430\u0442\u0443 \u0430\u043a\u0446\u0438\u0438'), NULL, 0),
(23, STRINGDECODE('\u0410\u043a\u0446\u0438\u044f \u0437\u0430\u043f\u0438\u0441\u0430\u043d\u0430'), NULL, 7),
(24, STRINGDECODE('\u041f\u0435\u0440\u0435\u0447\u0438\u0441\u043b\u0438\u0442\u0435 \u0432\u0438\u0434\u044b \u0440\u0430\u0431\u043e\u0442, \u043d\u0435 \u0431\u043e\u043b\u0435\u0435 25 \u0441\u0438\u043c\u0432\u043e\u043b\u043e\u0432'), NULL, 8),
(28, STRINGDECODE('\u0412\u0430\u0448\u0430 \u0437\u0430\u0434\u0430\u0447\u0430: '), NULL, 0),
(29, STRINGDECODE('\u0412\u044b \u0443\u0447\u0430\u0441\u0442\u0432\u0443\u0435\u0442\u0435 \u0432 \u0430\u043a\u0446\u0438\u0438: '), NULL, 0),
(30, STRINGDECODE('\u041d\u043e\u0432\u0430\u044f \u0430\u043a\u0446\u0438\u044f: '), NULL, 10),
(40, STRINGDECODE('\u041d\u0430\u043f\u0438\u0448\u0438\u0442\u0435 \u0441\u043e\u043e\u0431\u0449\u0435\u043d\u0438\u0435 \u0434\u043b\u044f \u0440\u0430\u0441\u0441\u044b\u043b\u043a\u0438'), NULL, 0),
(49, STRINGDECODE('\u0420\u0430\u0441\u0441\u044b\u043b\u043a\u0430 \u0437\u0430\u043a\u043e\u043d\u0435\u0447\u043d\u0430'), NULL, 0),
(50, STRINGDECODE('\u0412\u044b\u0431\u0435\u0440\u0438\u0442\u0435 \u043a\u0430\u043a\u0438\u0435 \u0430\u043a\u0446\u0438\u0438'), NULL, 15);
INSERT INTO PUBLIC.MESSAGE(ID, TEXT, PHOTO, KEYBOARD_ID) VALUES
(60, STRINGDECODE('\u041e\u0442\u0432\u0435\u0442\u0441\u0442\u0432\u0435\u043d\u043d\u044b\u0439: '), NULL, 0),
(61, STRINGDECODE('\u0421\u0442\u0430\u0442\u0443\u0441: '), NULL, 0),
(62, STRINGDECODE('\u041e\u0442\u0447\u0435\u0442: '), NULL, 0),
(63, STRINGDECODE('\u041d\u0435 \u0432\u044b\u043f\u043e\u043b\u043d\u0435\u043d\u043e'), NULL, 0),
(64, STRINGDECODE('\u0412\u044b\u043f\u043e\u043b\u043d\u0435\u043d\u043e'), NULL, 0),
(70, STRINGDECODE('\u0412\u044b\u0431\u0435\u0440\u0438\u0442\u0435 \u043d\u043e\u0432\u043e\u0441\u0442\u044c'), NULL, 9),
(88, STRINGDECODE('\u0416\u0434\u0438\u0442\u0435...'), NULL, 0),
(89, 'prev', NULL, 0),
(90, 'next', NULL, 0),
(91, STRINGDECODE('\u041c\u0435\u043d\u044e \u0440\u0435\u0434\u0430\u043a\u0442\u0438\u0440\u043e\u0432\u0430\u043d\u0438\u044f \u043d\u043e\u0432\u043e\u0441\u0442\u0435\u0439'), NULL, 13),
(100, STRINGDECODE('\u0412\u0432\u0435\u0434\u0438\u0442\u0435 \u0437\u0430\u0433\u043e\u043b\u043e\u0432\u043e\u043a'), NULL, 9),
(101, STRINGDECODE('\u0412\u0432\u0435\u0434\u0438\u0442\u0435 \u0442\u0435\u043a\u0441\u0442 \u043d\u043e\u0432\u043e\u0441\u0442\u0438'), NULL, 9),
(102, STRINGDECODE('\u041e\u0442\u043f\u0440\u0430\u0432\u044c\u0442\u0435 \u0444\u043e\u0442\u043e'), NULL, 8),
(103, STRINGDECODE('\u0413\u043e\u0442\u043e\u0432\u043e'), NULL, 13),
(104, STRINGDECODE('\u0427\u0442\u043e \u0440\u0435\u0434\u0430\u043a\u0442\u0438\u0440\u0443\u0435\u043c?'), NULL, 14),
(105, STRINGDECODE('\u041e\u0442\u043f\u0440\u0430\u0432\u044c\u0442\u0435 \u043d\u043e\u0432\u044b\u0435 \u0444\u043e\u0442\u043e, \u043b\u0438\u0431\u043e \u043f\u0435\u0440\u0435\u043e\u0442\u043f\u0440\u0430\u0432\u044c\u0442\u0435 \u0444\u043e\u0442\u043e, \u043a\u043e\u0442\u043e\u0440\u044b\u0435 \u0445\u043e\u0442\u0438\u0442\u0435 \u0443\u0434\u0430\u043b\u0438\u0442\u044c'), NULL, 8),
(106, STRINGDECODE('\u0413\u043e\u0442\u043e\u0432\u043e'), NULL, 14),
(107, STRINGDECODE('\u041d\u043e\u0432\u043e\u0441\u0442\u044c \u0431\u043e\u043b\u044c\u0448\u0435 \u043d\u0435 \u043f\u043e\u043a\u0430\u0437\u044b\u0432\u0430\u0435\u0442\u0441\u044f \u0432 \u043b\u0435\u043d\u0442\u0435'), NULL, 0),
(108, STRINGDECODE('\u0422\u0435\u043f\u0435\u0440\u044c \u043d\u043e\u0432\u043e\u0441\u0442\u044c \u043f\u043e\u043a\u0430\u0437\u044b\u0432\u0430\u0435\u0442\u0441\u044f \u0432 \u043b\u0435\u043d\u0442\u0435'), NULL, 0),
(109, STRINGDECODE('\u0412\u044b\u0431\u0435\u0440\u0438\u0442\u0435 \u043d\u043e\u0432\u043e\u0441\u0442\u044c'), NULL, 0);
CREATE CACHED TABLE PUBLIC.KEYBOARD(
    ID INT NOT NULL,
    BUTTON_IDS TEXT,
    INLINE BOOLEAN,
    COMMENT TEXT
);
ALTER TABLE PUBLIC.KEYBOARD ADD CONSTRAINT PUBLIC.CONSTRAINT_4 PRIMARY KEY(ID);
-- 15 +/- SELECT COUNT(*) FROM PUBLIC.KEYBOARD;
INSERT INTO PUBLIC.KEYBOARD(ID, BUTTON_IDS, INLINE, COMMENT) VALUES
(1, '55,54;53,52;51,50', FALSE, 'main'),
(2, '20,21', TRUE, 'man or womam'),
(3, '22,23', TRUE, 'yes/no'),
(4, '11', FALSE, 'registration'),
(5, '7', FALSE, 'contact'),
(6, '24', TRUE, 'invite user'),
(7, '30,31;32;33,34', FALSE, 'admin menu'),
(8, '12', FALSE, 'new stack'),
(9, '10', FALSE, 'back'),
(10, '40', TRUE, 'stock accept'),
(11, '10,72', FALSE, 'send photo'),
(13, '70,71;10', FALSE, 'edit news menu'),
(14, '73,74;75,76;10', FALSE, 'edit news'),
(15, '45,46;10', FALSE, 'choose stock'),
(16, '61,60;62,10', FALSE, 'stock menu');
CREATE CACHED TABLE PUBLIC.STOCK(
    ID INT DEFAULT (NEXT VALUE FOR PUBLIC.SYSTEM_SEQUENCE_B73E50AC_EAB2_41DD_B7B6_FD875CBE7A18) NOT NULL NULL_TO_DEFAULT SEQUENCE PUBLIC.SYSTEM_SEQUENCE_B73E50AC_EAB2_41DD_B7B6_FD875CBE7A18,
    NAME TEXT NOT NULL,
    DESCRIPTION TEXT NOT NULL,
    DATE TEXT NOT NULL,
    TYPE_OF_WORK TEXT,
    FILTER TEXT,
    FINISHED BOOLEAN DEFAULT FALSE
);
-- 12 +/- SELECT COUNT(*) FROM PUBLIC.STOCK;
INSERT INTO PUBLIC.STOCK(ID, NAME, DESCRIPTION, DATE, TYPE_OF_WORK, FILTER, FINISHED) VALUES
(1, STRINGDECODE('\u041d\u0430\u0432\u0435\u0441\u0442\u0438\u0442\u044c \u0432\u0435\u0442\u0435\u0440\u0430\u043d\u043e\u0432'), STRINGDECODE('\u0412 \u0447\u0435\u0441\u0442\u044c \u0414\u043d\u044f \u041f\u043e\u0431\u0435\u0434\u044b \u043c\u044b \u0445\u043e\u0442\u0438\u043c \u043d\u0430\u0432\u0435\u0441\u0442\u0438\u0442\u044c \u0432\u0435\u0442\u0435\u0440\u0430\u043d\u043e\u0432 \u0432\u043e\u0439\u043d\u044b'), '30.06', STRINGDECODE('\u041e\u0431\u0437\u0432\u043e\u043d\u0438\u0442\u044c \u0432\u0435\u0442\u0435\u0440\u0430\u043d\u043e\u0432;\u0421\u043e\u0431\u0440\u0430\u0442\u044c \u0433\u0440\u0443\u043f\u043f\u0443 \u0434\u043b\u044f \u0432\u0438\u0437\u0438\u0442\u0430 \u043a \u0432\u0435\u0442\u0435\u0440\u0430\u043d\u0430\u043c;\u0424\u043e\u0442\u043e\u043e\u0442\u0447\u0435\u0442;'), NULL, FALSE),
(2, STRINGDECODE('\u0412\u0438\u0437\u0438\u0442 \u043a \u0432\u0435\u0442\u0435\u0440\u0430\u043d\u0430\u043c'), STRINGDECODE('\u041d\u0443\u0436\u043d\u043e \u043d\u0430\u0432\u0435\u0441\u0442\u0438\u0442\u044c \u0432\u0435\u0442\u0435\u0440\u0430\u043d\u043e\u0432 \u0438 \u043e\u0442\u0434\u0430\u0442\u044c \u0438\u043c \u043d\u0443\u0436\u043d\u044b\u0435 \u0432\u0435\u0449\u0438'), '10.06', STRINGDECODE('\u041e\u0431\u0437\u0432\u043e\u043d\u0438\u0442\u044c \u0432\u0435\u0442\u0435\u0440\u0430\u043d\u043e\u0432;\u0441\u043e\u0431\u0440\u0430\u0442\u044c \u043f\u0440\u043e\u0434\u0443\u043a\u0442\u044b, \u043f\u043e\u0434\u0430\u0440\u043a\u0438;\u043d\u0430\u0432\u0435\u0441\u0442\u0438\u0442\u044c;'), NULL, FALSE),
(3, STRINGDECODE('\u0418\u0434\u0435\u043c \u043a \u0432\u0435\u0442\u0435\u0440\u0430\u043d\u0430\u043c'), STRINGDECODE('\u0412 \u0447\u0435\u0441\u0442\u044c \u043f\u0440\u0430\u0437\u0434\u043d\u0438\u043a\u0430 \u043d\u0443\u0436\u043d\u043e \u043d\u0430\u0432\u0435\u0441\u0442\u0438\u0442\u044c \u0432\u0435\u0442\u0435\u0440\u0430\u043d\u043e\u0432'), '13.06', STRINGDECODE('\u041e\u0431\u0437\u0432\u043e\u043d\u0438\u0442\u044c \u0432\u0435\u0442\u0435\u0440\u0430\u043d\u043e\u0432;\u041a\u0443\u043f\u0438\u0442\u044c \u043f\u0440\u043e\u0434\u0443\u043a\u0442\u044b, \u043b\u0435\u043a\u0430\u0440\u0441\u0442\u0432\u0430;\u041e\u0442\u0432\u0435\u0437\u0442\u0438 \u0432\u0435\u0442\u0435\u0440\u0430\u043d\u0430\u043c;'), NULL, FALSE),
(4, STRINGDECODE('\u0412\u043f\u0435\u0440\u0435\u0434!'), STRINGDECODE('\u0412\u043f\u0435\u0440\u0435\u0434 \u043a \u0441\u0432\u0435\u0442\u043b\u043e\u043c\u0443 \u0431\u0443\u0434\u0443\u0449\u0435\u043c\u0443!'), '13.06', STRINGDECODE('\u0421\u043e\u0441\u0442\u0430\u0432\u0438\u0442\u044c \u043f\u043b\u0430\u043d \u043d\u0430 \u043f\u0435\u0440\u0432\u0443\u044e \u043f\u044f\u0442\u0438\u043b\u0435\u0442\u043a\u0443;\u043d\u0430 2;\u0438 \u043d\u0430 3;'), NULL, FALSE),
(5, STRINGDECODE('\u0412\u043f\u0435\u0440\u0435\u0434'), STRINGDECODE('\u0412\u043f\u0435\u0440\u0435\u0434 \u043a \u0441\u0432\u0435\u0442\u043b\u043e\u043c\u0443 \u0431\u0443\u0434\u0443\u0449\u0435\u043c\u0443!'), '13.06', STRINGDECODE('\u0421\u043e\u0441\u0442\u0430\u0432\u0438\u0442\u044c \u043f\u043b\u0430\u043d \u043d\u0430 5 \u043b\u0435\u0442;\u043d\u0430 10;\u0438 15 \u043b\u0435\u0442;'), NULL, FALSE),
(6, STRINGDECODE('\u041a \u0441\u0432\u0435\u0442\u043b\u043e\u043c\u0443 \u0431\u0443\u0434\u0443\u0449\u0435\u043c\u0443'), STRINGDECODE('\u041f\u043e\u043c\u043e\u0433\u0430\u0435\u043c \u0434\u0435\u0442\u044f\u043c \u0438\u0437 \u0434\u0435\u0442\u0441\u043a\u0438\u0445 \u0434\u043e\u043c\u043e\u0432 \u043e\u0431\u0440\u0435\u0441\u0442\u0438 \u0441\u0435\u043c\u044c\u044e'), '14.06', STRINGDECODE('\u041e\u0431\u0440\u0430\u0442\u0438\u0442\u044c\u0441\u044f \u0432 \u0434\u0435\u0442\u0441\u043a\u0438\u0439 \u0434\u043e\u043c \u0438 \u043f\u043e\u043f\u0440\u043e\u0441\u0438\u0442\u044c \u0441\u043f\u0438\u0441\u043e\u043a \u0434\u0435\u0442\u0435\u0439;\u041e\u0431\u0440\u0430\u0442\u0438\u0442\u044c\u0441\u044f \u043a \u0430\u0434\u043c\u0438\u043d\u0438\u0441\u0442\u0440\u0430\u0446\u0438\u0438 \u0433\u043e\u0440\u043e\u0434\u0430 \u0434\u043b\u044f \u043f\u0440\u043e\u0432\u0435\u0434\u0435\u043d\u0438\u044f \u0434\u0430\u043d\u043d\u043e\u0433\u043e \u043c\u0435\u0440\u043e\u043f\u0440\u0438\u044f\u0442\u0438\u044f;'), NULL, FALSE);
INSERT INTO PUBLIC.STOCK(ID, NAME, DESCRIPTION, DATE, TYPE_OF_WORK, FILTER, FINISHED) VALUES
(7, STRINGDECODE('\u041f\u043e\u043c\u043e\u0449\u044c'), STRINGDECODE('\u041f\u043e\u043c\u043e\u0436\u0435\u043c \u0432\u0435\u0442\u0435\u0440\u0430\u043d\u0430\u043c \u0432\u043e\u0439\u043d\u044b!'), '14.06', STRINGDECODE('\u041e\u0431\u0437\u0432\u043e\u043d\u0438\u0442\u044c \u0432\u0435\u0442\u0435\u0440\u0430\u043d\u043e\u0432;\u041a\u0443\u043f\u0438\u0442\u044c \u043f\u0440\u043e\u0434\u0443\u043a\u0442\u044b;\u043e\u0442\u0432\u0435\u0437\u0442\u0438 \u043f\u0440\u043e\u0434\u0443\u043a\u0442\u044b;'), NULL, FALSE),
(8, STRINGDECODE('\u041f\u043e\u043c\u043e\u0449\u044c'), STRINGDECODE('\u041f\u043e\u043c\u043e\u0433\u0430\u0442\u044c'), '14.06', STRINGDECODE('\u041d\u0430\u0439\u0442\u0438 \u043c\u0430\u043b\u043e\u0438\u043c\u0443\u0449\u0438\u0445;\u041a\u0443\u043f\u0438\u0442\u044c \u043f\u0440\u043e\u0434\u0443\u043a\u0442\u044b;'), NULL, FALSE),
(9, STRINGDECODE('\u041f\u043e\u043c\u043e\u0449\u044c'), STRINGDECODE('\u043f\u043e\u043c\u043e\u0433\u0430\u0442\u044c'), '05.05', STRINGDECODE('\u0441\u044a\u0435\u0437\u0434\u0438\u0442\u044c \u0432 \u0430\u043a\u0438\u043c\u0430\u0442;\u043a\u0443\u043f\u0438\u0442\u044c \u043f\u0440\u043e\u0434\u0443\u043a\u0442\u044b;'), NULL, FALSE),
(10, STRINGDECODE('\u041f\u043e\u043c\u043e\u0447\u044c \u043d\u0443\u0436\u0434\u0430\u044e\u0449\u0438\u043c\u0441\u044f'), STRINGDECODE('\u041f\u043e\u043c\u043e\u0433\u0430\u0435\u043c \u043c\u0430\u043b\u043e\u043e\u0431\u0435\u0441\u043f\u0435\u0447\u0435\u043d\u043d\u044b\u043c \u0441\u0435\u043c\u044c\u044f\u043c'), '14.06', STRINGDECODE('\u041f\u043e\u0437\u0432\u043e\u043d\u0438\u0442\u044c \u0432 \u0430\u043a\u0438\u043c\u0430\u0442;\u0421\u043e\u0431\u0440\u0430\u0442\u044c \u0434\u0435\u043d\u044c\u0433\u0438;\u041a\u0443\u043f\u0438\u0442\u044c \u043f\u0440\u043e\u0434\u0443\u043a\u0442\u044b;'), NULL, FALSE),
(11, STRINGDECODE('\u0420\u0430\u0437\u0432\u043e\u0437\u043a\u0430 \u043f\u0440\u043e\u0434\u0443\u043a\u0442\u043e\u0432'), STRINGDECODE('\u041c\u044b \u0432\u0441\u0435 \u0441\u043e\u0431\u0438\u0440\u0430\u0435\u043c\u0441\u044f, \u0434\u0435\u043b\u0438\u043c \u043f\u0440\u043e\u0434\u0443\u043a\u0442\u044b \u0438 \u0440\u0430\u0437\u0432\u043e\u0437\u0438\u043c \u043f\u043e \u0441\u0435\u043c\u044c\u044f'), '07.06', STRINGDECODE('\u0420\u0430\u0437\u0432\u043e\u0437\u043a\u0430;\u0417\u0430\u043a\u0443\u043f;\u0424\u0430\u0441\u043e\u0432\u043a\u0430;'), NULL, FALSE),
(33, STRINGDECODE('\u041d\u0430\u043a\u043e\u0440\u043c\u0438\u043c \u043d\u0443\u0436\u0434\u0430\u044e\u0449\u0438\u0445\u0441\u044f'), STRINGDECODE('\u041f\u043e\u043c\u043e\u0449\u044c \u0432 \u043e\u0440\u0433\u0430\u043d\u0438\u0437\u0430\u0446\u0438\u0438 \u0430\u043a\u0446\u0438\u0438'), '15.06', STRINGDECODE('\u0417\u0430\u043a\u0443\u043f;\u0424\u0430\u0441\u043e\u0432\u043a\u0430;\u0420\u0430\u0437\u0432\u043e\u0437\u043a\u0430;'), NULL, FALSE);
CREATE CACHED TABLE PUBLIC.PARTICIPANTS_OF_STOCK(
    ID INT DEFAULT (NEXT VALUE FOR PUBLIC.SYSTEM_SEQUENCE_EDEB0ADB_3272_44BE_B5FB_D1F8A8B5D2C6) NOT NULL NULL_TO_DEFAULT SEQUENCE PUBLIC.SYSTEM_SEQUENCE_EDEB0ADB_3272_44BE_B5FB_D1F8A8B5D2C6,
    STOCK_ID INT NOT NULL,
    USER_ID INT NOT NULL,
    TYPE_OF_WORK TEXT NOT NULL,
    FINISHED BOOLEAN DEFAULT FALSE,
    REPORT TEXT
);
-- 9 +/- SELECT COUNT(*) FROM PUBLIC.PARTICIPANTS_OF_STOCK;
INSERT INTO PUBLIC.PARTICIPANTS_OF_STOCK(ID, STOCK_ID, USER_ID, TYPE_OF_WORK, FINISHED, REPORT) VALUES
(1, 10, 43394658, STRINGDECODE('\u041f\u043e\u0437\u0432\u043e\u043d\u0438\u0442\u044c \u0432 \u0430\u043a\u0438\u043c\u0430\u0442'), FALSE, NULL),
(2, 10, 338849363, STRINGDECODE('\u0421\u043e\u0431\u0440\u0430\u0442\u044c \u0434\u0435\u043d\u044c\u0433\u0438'), FALSE, NULL),
(3, 10, 338849363, STRINGDECODE('\u041a\u0443\u043f\u0438\u0442\u044c \u043f\u0440\u043e\u0434\u0443\u043a\u0442\u044b'), FALSE, NULL),
(4, 10, 43394658, STRINGDECODE('\u041f\u043e\u0437\u0432\u043e\u043d\u0438\u0442\u044c \u0432 \u0430\u043a\u0438\u043c\u0430\u0442'), FALSE, NULL),
(5, 11, 43394658, STRINGDECODE('\u0420\u0430\u0437\u0432\u043e\u0437\u043a\u0430'), FALSE, NULL),
(6, 11, 308095250, STRINGDECODE('\u0420\u0430\u0437\u0432\u043e\u0437\u043a\u0430'), FALSE, NULL),
(33, 33, 308095250, STRINGDECODE('\u0417\u0430\u043a\u0443\u043f'), FALSE, NULL),
(34, 33, 200909381, STRINGDECODE('\u0417\u0430\u043a\u0443\u043f'), FALSE, NULL),
(35, 33, 43394658, STRINGDECODE('\u0424\u0430\u0441\u043e\u0432\u043a\u0430'), FALSE, NULL);
CREATE CACHED TABLE PUBLIC.ABOUT(
    ID INT NOT NULL,
    TEXT TEXT NOT NULL,
    PHOTO TEXT
);
-- 0 +/- SELECT COUNT(*) FROM PUBLIC.ABOUT;
CREATE CACHED TABLE PUBLIC.NEWS(
    ID INT DEFAULT (NEXT VALUE FOR PUBLIC.SYSTEM_SEQUENCE_80B2E35D_DD11_4B44_86BE_160B5DB5AF2B) NOT NULL NULL_TO_DEFAULT SEQUENCE PUBLIC.SYSTEM_SEQUENCE_80B2E35D_DD11_4B44_86BE_160B5DB5AF2B,
    TITLE TEXT NOT NULL,
    TEXT TEXT NOT NULL,
    DATE TEXT NOT NULL,
    PHOTO TEXT,
    SHOW BOOLEAN DEFAULT TRUE
);
-- 1 +/- SELECT COUNT(*) FROM PUBLIC.NEWS;
INSERT INTO PUBLIC.NEWS(ID, TITLE, TEXT, DATE, PHOTO, SHOW) VALUES
(7, STRINGDECODE('\u0418\u043d\u0442\u0435\u043b\u043b\u0435\u043a\u0442\u0443\u0430\u043b\u044c\u043d\u0430\u044f \u0438\u0433\u0440\u0430'), STRINGDECODE('22 \u0430\u043f\u0440\u0435\u043b\u044f 2017 \u0433\u043e\u0434\u0430 \u0432\u043e\u043b\u043e\u043d\u0442\u0451\u0440\u044b \u041c\u0411\u041e \"\u0410\u049b\u043d\u0438\u0435\u0442\" \u0441\u043e\u0432\u043c\u0435\u0441\u0442\u043d\u043e \u0441 \u0430\u043a\u0442\u0438\u0432\u0438\u0441\u0442\u0430\u043c\u0438 \u0426\u0435\u043d\u0442\u0440\u0430 \u043e\u0431\u0440\u0430\u0437\u043e\u0432\u0430\u0442\u0435\u043b\u044c\u043d\u044b\u0445 \u043f\u0440\u043e\u0435\u043a\u0442\u043e\u0432 \u0410\u0421\u041e \u041a\u0430\u0440\u0413\u0422\u0423 \"\u0416\u0430\u0441 \u041e\u0440\u0434\u0430\" \u043f\u0440\u043e\u0432\u0435\u043b\u0438 \u0434\u043b\u044f \u0434\u0435\u0442\u0435\u0439 \u0438\u0437 \u0434\u0435\u0442\u0441\u043a\u0438\u0445 \u0434\u043e\u043c\u043e\u0432 \u0438\u043d\u0442\u0435\u043b\u043b\u0435\u043a\u0442\u0443\u0430\u043b\u044c\u043d\u0443\u044e \u0438\u0433\u0440\u0443 \"\u041f\u043e\u043f\u0440\u043e\u0431\u0443\u0439 \u0443\u0433\u0430\u0434\u0430\u0439!\".\ud83d\ude47\ud83c\udffb\n\u0423\u0447\u0430\u0441\u0442\u043d\u0438\u043a\u0430\u043c\u0438 \u0434\u0430\u043d\u043d\u043e\u0439 \u0438\u0433\u0440\u044b \u0431\u044b\u043b\u0438 \u043a\u043e\u043c\u0430\u043d\u0434\u0430 \"\u0423\u043c\u043d\u0438\u043a\u0438\" \u0438\u0437 \u0434\u0435\u0442\u0441\u043a\u043e\u0433\u043e \u0434\u043e\u043c\u0430 \"\u0422\u0430\u04a3\u0448\u043e\u043b\u043f\u0430\u043d\" \u0438 \u043a\u043e\u043c\u0430\u043d\u0434\u0430 \"\u0411\u0430\u0440\u044b\u0441\" \u0438\u0437 \u0434\u0435\u0442\u0441\u043a\u043e\u0433\u043e \u0434\u043e\u043c\u0430 \"\u049a\u04b1\u043b\u044b\u043d\u0448\u0430\u049b\".\ud83c\udfe9\n\u0418\u0433\u0440\u0430 \u0441\u043e\u0441\u0442\u043e\u044f\u043b\u0430 \u0438\u0437 \u0442\u0440\u0451x \u044d\u0442\u0430\u043f\u043e\u0432, \u0433\u0434\u0435 \u043a\u0430\u0436\u0434\u043e\u0439 \u043a\u043e\u043c\u0430\u043d\u0434\u0435 \u043d\u0443\u0436\u043d\u043e \u0431\u044b\u043b\u043e \u043e\u0442\u0432\u0435\u0442\u0438\u0442\u044c \u043d\u0430 \u0432\u043e\u043f\u0440\u043e\u0441\u044b, \u0443\u0433\u0430\u0434\u0430\u0442\u044c \u043c\u0443\u043b\u044c\u0442\u0444\u0438\u043b\u044c\u043c\u044b \u0438 \u0432\u044b\u043f\u043e\u043b\u043d\u0438\u0442\u044c \u0442\u0432\u043e\u0440\u0447\u0435\u0441\u043a\u043e\u0435 \u0437\u0430\u0434\u0430\u043d\u0438\u0435.\u270d\ud83c\udffb\n\u041f\u043e \u0438\u0442\u043e\u0433\u0430\u043c \u0438\u0433\u0440\u044b \u043a\u043e\u043c\u0430\u043d\u0434\u044b \u043f\u043e\u043b\u0443\u0447\u0438\u043b\u0438 \u0446\u0435\u043d\u043d\u044b\u0435 \u043f\u0440\u0438\u0437\u044b.\ud83c\udfc6\n\u0414\u0435\u0442\u0438 \u0438 \u0433\u043e\u0441\u0442\u0438 \u043e\u0441\u0442\u0430\u043b\u0438\u0441\u044c \u043f\u043e\u0434 \u043f\u0440\u0438\u044f\u0442\u043d\u044b\u043c \u0432\u043f\u0435\u0447\u0430\u0442\u043b\u0435\u043d\u0438\u0435\u043c.\ud83e\udd17'), '08.06', 'AgADAgADGKgxG9JgyEnOfCF5OGli1rBZtw0ABML4IWVv6YhHIjoEAAEC;AgADAgADGagxG9JgyEnoOTQsEr1UQDVMtw0ABO7Oqnitk1K9TjkEAAEC;AgADAgADHagxG9JgyElDC9g2IIEHEwZatw0ABK6tVihA9TTPDz4EAAEC;', TRUE);
